country,year,terrorist_events
Afghanistan,1973,1
Afghanistan,1979,3
Afghanistan,1987,1
Afghanistan,1988,11
Afghanistan,1989,10
Afghanistan,1990,2
Afghanistan,1991,30
Afghanistan,1992,36
Afghanistan,1994,9
Afghanistan,1995,6
Afghanistan,1996,4
Afghanistan,1997,1
Afghanistan,1998,1
Afghanistan,1999,9
Afghanistan,2000,14
Afghanistan,2001,14
Afghanistan,2002,38
Afghanistan,2003,100
Afghanistan,2004,88
Afghanistan,2005,155
Afghanistan,2006,283
Afghanistan,2007,342
Afghanistan,2008,414
Afghanistan,2009,503
Afghanistan,2010,542
Afghanistan,2011,421
Afghanistan,2012,1469
Afghanistan,2013,1443
Afghanistan,2014,1824
Afghanistan,2015,1928
Afghanistan,2016,1616
Afghanistan,2017,1415
Afghanistan,2018,1776
Afghanistan,2019,1804
Albania,1981,1
Albania,1990,1
Albania,1991,1
Albania,1992,3
Albania,1994,2
Albania,1996,6
Albania,1997,41
Albania,1998,7
Albania,1999,3
Albania,2000,2
Albania,2001,1
Albania,2003,1
Albania,2009,1
Albania,2013,1
Albania,2014,2
Albania,2015,4
Albania,2016,2
Albania,2017,1
Albania,2019,1
Algeria,1972,1
Algeria,1976,1
Algeria,1978,1
Algeria,1979,1
Algeria,1990,2
Algeria,1991,30
Algeria,1992,215
Algeria,1994,227
Algeria,1995,185
Algeria,1996,129
Algeria,1997,344
Algeria,1998,151
Algeria,1999,106
Algeria,2000,138
Algeria,2001,113
Algeria,2002,132
Algeria,2003,75
Algeria,2004,67
Algeria,2005,104
Algeria,2006,152
Algeria,2007,124
Algeria,2008,107
Algeria,2009,108
Algeria,2010,100
Algeria,2011,15
Algeria,2012,41
Algeria,2013,22
Algeria,2014,13
Algeria,2015,15
Algeria,2016,9
Algeria,2017,14
Algeria,2018,7
Andorra,1974,1
Angola,1977,1
Angola,1978,2
Angola,1979,3
Angola,1981,1
Angola,1982,2
Angola,1983,7
Angola,1984,11
Angola,1985,6
Angola,1986,5
Angola,1987,3
Angola,1988,12
Angola,1989,12
Angola,1990,205
Angola,1991,16
Angola,1992,50
Angola,1994,9
Angola,1995,10
Angola,1996,4
Angola,1997,7
Angola,1998,20
Angola,1999,34
Angola,2000,22
Angola,2001,40
Angola,2002,6
Angola,2009,1
Angola,2010,2
Angola,2016,2
Angola,2017,6
Angola,2019,1
Antigua and Barbuda,1992,1
Argentina,1970,21
Argentina,1971,7
Argentina,1972,20
Argentina,1973,60
Argentina,1974,71
Argentina,1975,38
Argentina,1976,54
Argentina,1977,17
Argentina,1978,25
Argentina,1979,16
Argentina,1980,6
Argentina,1981,2
Argentina,1982,9
Argentina,1983,18
Argentina,1984,46
Argentina,1985,43
Argentina,1986,33
Argentina,1987,80
Argentina,1988,33
Argentina,1989,32
Argentina,1990,31
Argentina,1991,27
Argentina,1992,41
Argentina,1994,14
Argentina,1995,16
Argentina,1996,19
Argentina,1997,11
Argentina,1999,1
Argentina,2001,2
Argentina,2003,1
Argentina,2005,3
Argentina,2009,1
Argentina,2010,5
Argentina,2011,1
Argentina,2012,2
Argentina,2013,2
Argentina,2014,1
Argentina,2015,1
Argentina,2016,2
Argentina,2017,3
Argentina,2018,5
Argentina,2019,1
Armenia,1991,1
Armenia,1992,2
Armenia,1994,4
Armenia,1995,1
Armenia,1996,1
Armenia,1998,2
Armenia,1999,2
Armenia,2000,2
Armenia,2001,2
Armenia,2007,1
Armenia,2009,1
Armenia,2013,1
Armenia,2015,2
Armenia,2016,2
Armenia,2018,1
Australia,1970,1
Australia,1971,1
Australia,1972,8
Australia,1974,1
Australia,1978,2
Australia,1979,2
Australia,1980,6
Australia,1981,1
Australia,1982,2
Australia,1986,2
Australia,1988,3
Australia,1989,2
Australia,1991,4
Australia,1992,4
Australia,1994,9
Australia,1995,5
Australia,1996,5
Australia,1997,4
Australia,1998,6
Australia,2000,1
Australia,2001,2
Australia,2006,2
Australia,2008,1
Australia,2009,1
Australia,2010,1
Australia,2013,1
Australia,2014,8
Australia,2015,12
Australia,2016,9
Australia,2017,4
Australia,2018,3
Australia,2019,2
Austria,1972,7
Austria,1973,2
Austria,1974,1
Austria,1975,2
Austria,1976,4
Austria,1977,5
Austria,1978,1
Austria,1979,5
Austria,1980,2
Austria,1981,3
Austria,1982,11
Austria,1984,4
Austria,1985,4
Austria,1986,4
Austria,1987,4
Austria,1988,1
Austria,1989,2
Austria,1990,1
Austria,1991,3
Austria,1992,8
Austria,1994,5
Austria,1995,12
Austria,1996,4
Austria,1997,1
Austria,1998,1
Austria,2006,1
Austria,2007,1
Austria,2008,7
Austria,2009,3
Austria,2011,1
Austria,2013,1
Austria,2016,3
Austria,2017,1
Austria,2018,1
Azerbaijan,1991,3
Azerbaijan,1992,12
Azerbaijan,1994,11
Azerbaijan,1995,2
Azerbaijan,1996,2
Azerbaijan,1997,1
Azerbaijan,2000,1
Azerbaijan,2001,4
Azerbaijan,2002,1
Azerbaijan,2007,1
Azerbaijan,2008,2
Azerbaijan,2009,2
Azerbaijan,2014,3
Azerbaijan,2016,2
Azerbaijan,2017,2
Azerbaijan,2018,1
Bahamas,1976,1
Bahamas,1981,1
Bahamas,1997,2
Bahamas,2013,1
Bahrain,1979,1
Bahrain,1980,1
Bahrain,1991,1
Bahrain,1994,1
Bahrain,1995,8
Bahrain,1996,16
Bahrain,1997,11
Bahrain,2003,1
Bahrain,2006,1
Bahrain,2008,1
Bahrain,2010,2
Bahrain,2011,1
Bahrain,2012,26
Bahrain,2013,52
Bahrain,2014,42
Bahrain,2015,18
Bahrain,2016,3
Bahrain,2017,21
Bahrain,2018,1
Bangladesh,1977,1
Bangladesh,1979,1
Bangladesh,1980,1
Bangladesh,1981,1
Bangladesh,1982,1
Bangladesh,1984,1
Bangladesh,1985,1
Bangladesh,1986,11
Bangladesh,1987,6
Bangladesh,1988,36
Bangladesh,1989,36
Bangladesh,1990,22
Bangladesh,1991,42
Bangladesh,1992,76
Bangladesh,1994,68
Bangladesh,1995,74
Bangladesh,1996,161
Bangladesh,1997,17
Bangladesh,1998,2
Bangladesh,1999,11
Bangladesh,2000,23
Bangladesh,2001,15
Bangladesh,2002,5
Bangladesh,2003,4
Bangladesh,2004,11
Bangladesh,2005,23
Bangladesh,2006,23
Bangladesh,2007,9
Bangladesh,2008,19
Bangladesh,2009,27
Bangladesh,2010,22
Bangladesh,2011,13
Bangladesh,2012,18
Bangladesh,2013,139
Bangladesh,2014,130
Bangladesh,2015,469
Bangladesh,2016,89
Bangladesh,2017,41
Bangladesh,2018,33
Bangladesh,2019,32
Barbados,1976,2
Barbados,1992,1
Belarus,1994,1
Belarus,1997,2
Belarus,1999,1
Belarus,2001,1
Belarus,2006,1
Belarus,2008,1
Belarus,2010,2
Belarus,2011,1
Belarus,2012,3
Belgium,1970,1
Belgium,1972,4
Belgium,1973,1
Belgium,1974,5
Belgium,1976,1
Belgium,1977,1
Belgium,1978,8
Belgium,1979,8
Belgium,1980,8
Belgium,1981,6
Belgium,1982,1
Belgium,1983,8
Belgium,1984,10
Belgium,1985,21
Belgium,1986,3
Belgium,1987,1
Belgium,1988,5
Belgium,1989,7
Belgium,1990,2
Belgium,1991,6
Belgium,1992,9
Belgium,1994,5
Belgium,1995,1
Belgium,1997,2
Belgium,1998,3
Belgium,1999,2
Belgium,2002,3
Belgium,2003,8
Belgium,2007,1
Belgium,2009,1
Belgium,2012,1
Belgium,2014,2
Belgium,2016,6
Belgium,2017,3
Belgium,2018,3
Belgium,2019,1
Belize,1980,1
Belize,1991,3
Belize,1992,2
Belize,2000,1
Belize,2013,1
Benin,1992,1
Benin,1994,3
Benin,1995,1
Benin,1996,2
Benin,2007,1
Benin,2019,1
Bhutan,2006,1
Bhutan,2008,3
Bhutan,2011,1
Bhutan,2014,1
Bolivia,1970,1
Bolivia,1971,2
Bolivia,1974,1
Bolivia,1976,1
Bolivia,1977,1
Bolivia,1978,3
Bolivia,1979,14
Bolivia,1980,35
Bolivia,1981,5
Bolivia,1982,27
Bolivia,1983,27
Bolivia,1984,14
Bolivia,1985,13
Bolivia,1986,4
Bolivia,1987,14
Bolivia,1988,11
Bolivia,1989,40
Bolivia,1990,11
Bolivia,1991,28
Bolivia,1992,38
Bolivia,1994,8
Bolivia,1995,2
Bolivia,1996,1
Bolivia,1997,4
Bolivia,2003,1
Bolivia,2005,1
Bolivia,2007,3
Bolivia,2009,3
Bolivia,2012,1
Bolivia,2018,2
Bolivia,2019,1
Bosnia-Herzegovina,1992,22
Bosnia-Herzegovina,1994,9
Bosnia-Herzegovina,1995,6
Bosnia-Herzegovina,1996,33
Bosnia-Herzegovina,1997,42
Bosnia-Herzegovina,1998,9
Bosnia-Herzegovina,1999,5
Bosnia-Herzegovina,2000,6
Bosnia-Herzegovina,2001,2
Bosnia-Herzegovina,2002,3
Bosnia-Herzegovina,2003,1
Bosnia-Herzegovina,2005,1
Bosnia-Herzegovina,2006,1
Bosnia-Herzegovina,2007,2
Bosnia-Herzegovina,2008,4
Bosnia-Herzegovina,2009,1
Bosnia-Herzegovina,2010,1
Bosnia-Herzegovina,2011,1
Bosnia-Herzegovina,2013,1
Bosnia-Herzegovina,2014,3
Bosnia-Herzegovina,2015,6
Bosnia-Herzegovina,2018,2
Botswana,1974,1
Botswana,1985,1
Botswana,1987,1
Botswana,1988,3
Botswana,1989,2
Botswana,1990,1
Botswana,1995,1
Brazil,1970,6
Brazil,1971,3
Brazil,1972,3
Brazil,1973,2
Brazil,1976,5
Brazil,1977,1
Brazil,1978,5
Brazil,1979,6
Brazil,1980,19
Brazil,1981,11
Brazil,1982,4
Brazil,1983,8
Brazil,1984,5
Brazil,1985,1
Brazil,1986,3
Brazil,1987,1
Brazil,1988,2
Brazil,1989,5
Brazil,1990,7
Brazil,1991,24
Brazil,1992,24
Brazil,1994,19
Brazil,1995,23
Brazil,1996,18
Brazil,1997,39
Brazil,1998,2
Brazil,1999,1
Brazil,2000,2
Brazil,2001,3
Brazil,2002,1
Brazil,2003,1
Brazil,2006,3
Brazil,2012,1
Brazil,2013,3
Brazil,2014,3
Brazil,2015,5
Brazil,2016,2
Brazil,2017,2
Brazil,2018,11
Brazil,2019,3
Brunei,1972,5
Brunei,1992,1
Bulgaria,1982,2
Bulgaria,1984,1
Bulgaria,1990,5
Bulgaria,1991,3
Bulgaria,1992,2
Bulgaria,1994,2
Bulgaria,1995,2
Bulgaria,1996,12
Bulgaria,1997,3
Bulgaria,1998,2
Bulgaria,1999,1
Bulgaria,2000,2
Bulgaria,2001,1
Bulgaria,2002,1
Bulgaria,2008,2
Bulgaria,2011,2
Bulgaria,2012,2
Bulgaria,2013,3
Bulgaria,2014,1
Bulgaria,2015,2
Bulgaria,2016,1
Bulgaria,2018,1
Burkina Faso,1984,1
Burkina Faso,1991,2
Burkina Faso,2013,1
Burkina Faso,2015,6
Burkina Faso,2016,10
Burkina Faso,2017,32
Burkina Faso,2018,72
Burkina Faso,2019,160
Burundi,1991,7
Burundi,1992,2
Burundi,1994,16
Burundi,1995,83
Burundi,1996,35
Burundi,1997,79
Burundi,1998,13
Burundi,1999,13
Burundi,2000,17
Burundi,2001,37
Burundi,2002,18
Burundi,2003,18
Burundi,2004,1
Burundi,2005,5
Burundi,2006,5
Burundi,2007,3
Burundi,2008,7
Burundi,2010,29
Burundi,2011,8
Burundi,2012,4
Burundi,2013,2
Burundi,2014,5
Burundi,2015,102
Burundi,2016,83
Burundi,2017,21
Burundi,2018,10
Burundi,2019,6
Cambodia,1971,2
Cambodia,1972,2
Cambodia,1978,1
Cambodia,1989,2
Cambodia,1990,2
Cambodia,1991,3
Cambodia,1992,67
Cambodia,1994,39
Cambodia,1995,56
Cambodia,1996,33
Cambodia,1997,18
Cambodia,1998,7
Cambodia,1999,8
Cambodia,2000,4
Cambodia,2001,7
Cambodia,2002,3
Cambodia,2003,1
Cambodia,2008,2
Cambodia,2013,2
Cambodia,2018,1
Cameroon,1991,4
Cameroon,1992,6
Cameroon,1994,6
Cameroon,1995,2
Cameroon,1998,1
Cameroon,2007,1
Cameroon,2008,1
Cameroon,2009,1
Cameroon,2010,3
Cameroon,2011,3
Cameroon,2013,3
Cameroon,2014,68
Cameroon,2015,83
Cameroon,2016,58
Cameroon,2017,111
Cameroon,2018,236
Cameroon,2019,146
Canada,1970,2
Canada,1972,4
Canada,1974,1
Canada,1980,3
Canada,1982,5
Canada,1983,1
Canada,1985,3
Canada,1986,2
Canada,1989,1
Canada,1992,3
Canada,1994,4
Canada,1995,5
Canada,1996,1
Canada,1997,2
Canada,1998,4
Canada,1999,2
Canada,2000,5
Canada,2004,2
Canada,2006,2
Canada,2008,5
Canada,2009,4
Canada,2010,2
Canada,2012,3
Canada,2013,4
Canada,2014,3
Canada,2015,5
Canada,2016,6
Canada,2017,16
Canada,2018,7
Canada,2019,5
Central African Republic,1981,1
Central African Republic,1986,1
Central African Republic,1991,4
Central African Republic,1992,1
Central African Republic,1994,1
Central African Republic,1996,1
Central African Republic,2000,1
Central African Republic,2001,1
Central African Republic,2006,1
Central African Republic,2007,1
Central African Republic,2008,2
Central African Republic,2009,5
Central African Republic,2010,13
Central African Republic,2011,3
Central African Republic,2012,4
Central African Republic,2013,21
Central African Republic,2014,94
Central African Republic,2015,49
Central African Republic,2016,38
Central African Republic,2017,43
Central African Republic,2018,46
Central African Republic,2019,15
Chad,1974,1
Chad,1984,1
Chad,1985,1
Chad,1986,1
Chad,1991,2
Chad,1992,4
Chad,1994,1
Chad,1995,3
Chad,1996,1
Chad,1997,1
Chad,1998,1
Chad,1999,1
Chad,2002,4
Chad,2006,11
Chad,2007,7
Chad,2008,8
Chad,2009,3
Chad,2010,1
Chad,2014,1
Chad,2015,27
Chad,2016,5
Chad,2017,6
Chad,2018,12
Chad,2019,14
Chile,1973,7
Chile,1976,2
Chile,1977,6
Chile,1978,8
Chile,1979,49
Chile,1980,41
Chile,1981,34
Chile,1982,21
Chile,1983,106
Chile,1984,563
Chile,1985,232
Chile,1986,243
Chile,1987,173
Chile,1988,185
Chile,1989,146
Chile,1990,161
Chile,1991,127
Chile,1992,116
Chile,1994,15
Chile,1995,17
Chile,1996,8
Chile,1997,6
Chile,1998,1
Chile,1999,3
Chile,2000,2
Chile,2001,3
Chile,2002,1
Chile,2003,2
Chile,2006,1
Chile,2007,8
Chile,2008,4
Chile,2009,8
Chile,2010,5
Chile,2011,6
Chile,2012,2
Chile,2013,5
Chile,2014,17
Chile,2015,1
Chile,2016,18
Chile,2017,17
Chile,2018,47
Chile,2019,27
China,1989,3
China,1990,1
China,1991,1
China,1992,5
China,1994,13
China,1995,8
China,1996,62
China,1997,18
China,1998,2
China,1999,2
China,2000,4
China,2001,12
China,2002,2
China,2003,3
China,2004,2
China,2005,1
China,2008,20
China,2009,7
China,2010,1
China,2011,4
China,2012,4
China,2013,12
China,2014,37
China,2015,17
China,2016,5
China,2017,6
China,2018,1
China,2019,13
Colombia,1970,1
Colombia,1972,2
Colombia,1973,6
Colombia,1975,10
Colombia,1976,22
Colombia,1977,80
Colombia,1978,158
Colombia,1979,140
Colombia,1980,141
Colombia,1981,172
Colombia,1982,222
Colombia,1983,234
Colombia,1984,237
Colombia,1985,382
Colombia,1986,307
Colombia,1987,337
Colombia,1988,427
Colombia,1989,492
Colombia,1990,349
Colombia,1991,420
Colombia,1992,523
Colombia,1994,201
Colombia,1995,123
Colombia,1996,409
Colombia,1997,598
Colombia,1998,94
Colombia,1999,116
Colombia,2000,137
Colombia,2001,207
Colombia,2002,150
Colombia,2003,98
Colombia,2004,37
Colombia,2005,42
Colombia,2006,43
Colombia,2007,30
Colombia,2008,133
Colombia,2009,139
Colombia,2010,136
Colombia,2011,94
Colombia,2012,115
Colombia,2013,149
Colombia,2014,231
Colombia,2015,136
Colombia,2016,110
Colombia,2017,119
Colombia,2018,205
Colombia,2019,228
Comoros,1992,1
Comoros,1994,1
Comoros,1997,3
Comoros,2018,2
Comoros,2019,1
Costa Rica,1971,1
Costa Rica,1976,12
Costa Rica,1977,5
Costa Rica,1978,2
Costa Rica,1979,2
Costa Rica,1980,3
Costa Rica,1981,10
Costa Rica,1982,6
Costa Rica,1983,3
Costa Rica,1984,2
Costa Rica,1985,5
Costa Rica,1986,1
Costa Rica,1987,3
Costa Rica,1988,2
Costa Rica,1989,1
Costa Rica,1990,1
Costa Rica,1991,2
Costa Rica,1992,2
Costa Rica,1994,1
Costa Rica,1996,1
Costa Rica,1997,1
Costa Rica,2001,1
Costa Rica,2019,2
Croatia,1991,26
Croatia,1992,4
Croatia,1994,4
Croatia,1995,1
Croatia,1996,3
Croatia,1997,8
Croatia,2000,2
Croatia,2001,3
Croatia,2005,1
Croatia,2008,2
Croatia,2009,1
Croatia,2013,2
Cuba,1991,1
Cuba,1992,4
Cuba,1994,9
Cuba,1996,1
Cuba,1997,14
Cuba,2007,1
Cyprus,1973,3
Cyprus,1975,2
Cyprus,1977,1
Cyprus,1978,2
Cyprus,1979,5
Cyprus,1980,1
Cyprus,1981,3
Cyprus,1982,1
Cyprus,1983,2
Cyprus,1984,7
Cyprus,1985,7
Cyprus,1986,3
Cyprus,1987,10
Cyprus,1988,5
Cyprus,1989,6
Cyprus,1990,11
Cyprus,1991,11
Cyprus,1992,6
Cyprus,1994,6
Cyprus,1995,3
Cyprus,1996,10
Cyprus,1998,1
Cyprus,1999,1
Cyprus,2000,2
Cyprus,2001,1
Cyprus,2004,1
Cyprus,2007,1
Cyprus,2012,1
Cyprus,2013,2
Cyprus,2014,2
Cyprus,2016,2
Czech Republic,1994,1
Czech Republic,1995,3
Czech Republic,1996,3
Czech Republic,1997,4
Czech Republic,2001,1
Czech Republic,2003,1
Czech Republic,2008,2
Czech Republic,2009,1
Czech Republic,2011,1
Czech Republic,2013,1
Czech Republic,2014,5
Czech Republic,2015,4
Czech Republic,2016,2
Czech Republic,2017,3
Czechoslovakia,1972,1
Czechoslovakia,1989,4
Czechoslovakia,1990,1
Czechoslovakia,1991,1
Czechoslovakia,1992,3
Democratic Republic of the Congo,1997,1
Democratic Republic of the Congo,1998,4
Democratic Republic of the Congo,1999,3
Democratic Republic of the Congo,2000,3
Democratic Republic of the Congo,2001,5
Democratic Republic of the Congo,2002,7
Democratic Republic of the Congo,2003,6
Democratic Republic of the Congo,2004,5
Democratic Republic of the Congo,2005,5
Democratic Republic of the Congo,2006,5
Democratic Republic of the Congo,2007,11
Democratic Republic of the Congo,2008,20
Democratic Republic of the Congo,2009,54
Democratic Republic of the Congo,2010,18
Democratic Republic of the Congo,2011,16
Democratic Republic of the Congo,2012,25
Democratic Republic of the Congo,2013,22
Democratic Republic of the Congo,2014,110
Democratic Republic of the Congo,2015,143
Democratic Republic of the Congo,2016,169
Democratic Republic of the Congo,2017,143
Democratic Republic of the Congo,2018,163
Democratic Republic of the Congo,2019,250
Denmark,1978,1
Denmark,1979,3
Denmark,1980,1
Denmark,1981,6
Denmark,1985,4
Denmark,1986,2
Denmark,1987,2
Denmark,1988,1
Denmark,1989,1
Denmark,1991,1
Denmark,1992,4
Denmark,1995,6
Denmark,1999,1
Denmark,2008,1
Denmark,2010,1
Denmark,2013,1
Denmark,2015,5
Denmark,2016,1
Denmark,2018,1
Denmark,2019,2
Djibouti,1977,1
Djibouti,1979,1
Djibouti,1987,1
Djibouti,1988,2
Djibouti,1990,1
Djibouti,1991,1
Djibouti,1992,6
Djibouti,1994,2
Djibouti,1995,2
Djibouti,1997,1
Djibouti,2004,1
Djibouti,2014,1
Djibouti,2015,1
Djibouti,2017,1
Dominica,1981,2
Dominica,1997,1
Dominican Republic,1970,2
Dominican Republic,1971,3
Dominican Republic,1973,3
Dominican Republic,1974,2
Dominican Republic,1978,1
Dominican Republic,1979,2
Dominican Republic,1980,1
Dominican Republic,1982,2
Dominican Republic,1987,15
Dominican Republic,1988,2
Dominican Republic,1989,11
Dominican Republic,1990,2
Dominican Republic,1991,8
Dominican Republic,1992,11
Dominican Republic,1994,7
Dominican Republic,1996,3
Dominican Republic,1997,12
Dominican Republic,2013,1
Dominican Republic,2014,1
Dominican Republic,2017,1
East Germany (GDR),1970,12
East Germany (GDR),1971,4
East Germany (GDR),1974,1
East Germany (GDR),1977,1
East Germany (GDR),1978,1
East Germany (GDR),1982,1
East Germany (GDR),1983,1
East Germany (GDR),1984,1
East Germany (GDR),1985,4
East Germany (GDR),1986,3
East Germany (GDR),1987,1
East Germany (GDR),1988,4
East Germany (GDR),1989,1
East Germany (GDR),1990,3
East Timor,2000,4
East Timor,2003,2
East Timor,2005,1
East Timor,2007,2
East Timor,2008,1
Ecuador,1973,1
Ecuador,1974,3
Ecuador,1976,2
Ecuador,1977,7
Ecuador,1978,11
Ecuador,1979,2
Ecuador,1980,2
Ecuador,1981,2
Ecuador,1982,3
Ecuador,1983,10
Ecuador,1984,24
Ecuador,1985,12
Ecuador,1986,8
Ecuador,1987,6
Ecuador,1988,9
Ecuador,1989,14
Ecuador,1990,8
Ecuador,1991,17
Ecuador,1992,23
Ecuador,1994,6
Ecuador,1995,6
Ecuador,1996,5
Ecuador,1997,4
Ecuador,1998,3
Ecuador,1999,2
Ecuador,2000,4
Ecuador,2001,5
Ecuador,2002,2
Ecuador,2003,4
Ecuador,2004,2
Ecuador,2008,2
Ecuador,2009,1
Ecuador,2011,1
Ecuador,2012,1
Ecuador,2013,2
Ecuador,2015,1
Ecuador,2016,6
Ecuador,2017,3
Ecuador,2018,11
Ecuador,2019,3
Egypt,1970,1
Egypt,1971,1
Egypt,1972,1
Egypt,1977,1
Egypt,1978,2
Egypt,1979,1
Egypt,1980,5
Egypt,1981,9
Egypt,1982,1
Egypt,1985,2
Egypt,1986,4
Egypt,1987,7
Egypt,1988,9
Egypt,1989,7
Egypt,1990,13
Egypt,1991,10
Egypt,1992,79
Egypt,1994,143
Egypt,1995,102
Egypt,1996,51
Egypt,1997,22
Egypt,1998,3
Egypt,1999,1
Egypt,2004,3
Egypt,2005,2
Egypt,2006,5
Egypt,2008,1
Egypt,2009,2
Egypt,2010,2
Egypt,2011,18
Egypt,2012,49
Egypt,2013,321
Egypt,2014,354
Egypt,2015,647
Egypt,2016,376
Egypt,2017,225
Egypt,2018,54
Egypt,2019,63
El Salvador,1972,2
El Salvador,1973,1
El Salvador,1974,3
El Salvador,1975,3
El Salvador,1976,13
El Salvador,1977,6
El Salvador,1978,91
El Salvador,1979,326
El Salvador,1980,710
El Salvador,1981,664
El Salvador,1982,537
El Salvador,1983,371
El Salvador,1984,273
El Salvador,1985,436
El Salvador,1986,175
El Salvador,1987,234
El Salvador,1988,367
El Salvador,1989,356
El Salvador,1990,184
El Salvador,1991,500
El Salvador,1992,29
El Salvador,1994,21
El Salvador,1995,9
El Salvador,1996,7
El Salvador,1997,2
Equatorial Guinea,1992,1
Equatorial Guinea,2009,1
Eritrea,1995,2
Eritrea,1996,1
Eritrea,2007,2
Eritrea,2008,2
Eritrea,2009,1
Eritrea,2010,1
Eritrea,2011,1
Estonia,1992,2
Estonia,1994,6
Estonia,1995,2
Estonia,1996,1
Estonia,1999,1
Estonia,2001,1
Estonia,2011,1
Estonia,2015,1
Ethiopia,1970,3
Ethiopia,1971,1
Ethiopia,1973,1
Ethiopia,1974,4
Ethiopia,1975,4
Ethiopia,1976,5
Ethiopia,1977,4
Ethiopia,1978,2
Ethiopia,1979,4
Ethiopia,1983,3
Ethiopia,1984,1
Ethiopia,1985,1
Ethiopia,1986,1
Ethiopia,1987,1
Ethiopia,1988,2
Ethiopia,1989,1
Ethiopia,1990,10
Ethiopia,1991,5
Ethiopia,1992,13
Ethiopia,1994,4
Ethiopia,1995,5
Ethiopia,1996,7
Ethiopia,1997,6
Ethiopia,1999,2
Ethiopia,2000,1
Ethiopia,2002,3
Ethiopia,2003,1
Ethiopia,2004,2
Ethiopia,2005,5
Ethiopia,2006,11
Ethiopia,2007,5
Ethiopia,2008,8
Ethiopia,2009,2
Ethiopia,2010,2
Ethiopia,2011,3
Ethiopia,2012,3
Ethiopia,2013,5
Ethiopia,2014,2
Ethiopia,2015,7
Ethiopia,2016,13
Ethiopia,2017,28
Ethiopia,2018,10
Ethiopia,2019,26
Falkland Islands,1983,1
Fiji,1987,3
Fiji,1989,2
Fiji,1991,3
Fiji,1992,1
Fiji,1999,3
Fiji,2000,4
Fiji,2001,1
Finland,1986,1
Finland,1992,1
Finland,1994,1
Finland,1995,1
Finland,2007,1
Finland,2008,1
Finland,2015,9
Finland,2016,3
Finland,2017,2
Finland,2018,1
Finland,2019,3
France,1972,11
France,1973,14
France,1974,29
France,1975,39
France,1976,58
France,1977,53
France,1978,59
France,1979,212
France,1980,94
France,1981,66
France,1982,62
France,1983,121
France,1984,145
France,1985,105
France,1986,95
France,1987,87
France,1988,54
France,1989,25
France,1990,30
France,1991,137
France,1992,126
France,1994,97
France,1995,71
France,1996,270
France,1997,130
France,1998,12
France,1999,46
France,2000,28
France,2001,21
France,2002,32
France,2003,34
France,2004,11
France,2005,33
France,2006,34
France,2007,16
France,2008,13
France,2009,9
France,2010,3
France,2011,8
France,2012,66
France,2013,18
France,2014,14
France,2015,38
France,2016,25
France,2017,42
France,2018,13
France,2019,20
French Guiana,1983,3
French Guiana,1996,2
French Guiana,1997,2
French Polynesia,1995,3
Gabon,1979,1
Gabon,1994,1
Gabon,1996,1
Gabon,1997,1
Gabon,2017,4
Gabon,2019,1
Gambia,1994,1
Gambia,1995,1
Gambia,2000,1
Georgia,1991,3
Georgia,1992,39
Georgia,1994,18
Georgia,1995,17
Georgia,1996,3
Georgia,1997,6
Georgia,1998,12
Georgia,1999,7
Georgia,2000,7
Georgia,2001,4
Georgia,2002,2
Georgia,2003,6
Georgia,2004,3
Georgia,2005,6
Georgia,2006,3
Georgia,2008,33
Georgia,2009,25
Georgia,2010,7
Georgia,2011,3
Georgia,2012,3
Georgia,2013,2
Georgia,2014,2
Georgia,2015,1
Georgia,2016,4
Georgia,2017,1
Georgia,2018,1
Germany,1990,1
Germany,1991,65
Germany,1992,156
Germany,1994,79
Germany,1995,147
Germany,1996,52
Germany,1997,12
Germany,1998,6
Germany,1999,13
Germany,2000,8
Germany,2001,8
Germany,2002,3
Germany,2003,2
Germany,2004,3
Germany,2005,3
Germany,2006,4
Germany,2007,3
Germany,2008,3
Germany,2009,4
Germany,2010,1
Germany,2011,8
Germany,2012,5
Germany,2014,13
Germany,2015,66
Germany,2016,45
Germany,2017,27
Germany,2018,22
Germany,2019,16
Ghana,1987,1
Ghana,1992,8
Ghana,1994,4
Ghana,1995,1
Ghana,1996,2
Ghana,1997,1
Ghana,2014,1
Ghana,2016,1
Ghana,2018,2
Ghana,2019,3
Greece,1970,3
Greece,1971,1
Greece,1972,2
Greece,1973,11
Greece,1974,6
Greece,1975,4
Greece,1976,21
Greece,1977,47
Greece,1978,39
Greece,1979,9
Greece,1980,15
Greece,1981,20
Greece,1982,19
Greece,1983,11
Greece,1984,28
Greece,1985,35
Greece,1986,41
Greece,1987,26
Greece,1988,38
Greece,1989,50
Greece,1990,55
Greece,1991,57
Greece,1992,35
Greece,1994,42
Greece,1995,8
Greece,1996,20
Greece,1997,21
Greece,1998,28
Greece,1999,35
Greece,2000,28
Greece,2001,14
Greece,2002,10
Greece,2003,12
Greece,2004,4
Greece,2005,6
Greece,2006,23
Greece,2007,15
Greece,2008,53
Greece,2009,115
Greece,2010,49
Greece,2011,11
Greece,2012,23
Greece,2013,55
Greece,2014,27
Greece,2015,30
Greece,2016,30
Greece,2017,44
Greece,2018,26
Greece,2019,32
Grenada,1980,4
Grenada,1983,1
Guadeloupe,1980,9
Guadeloupe,1981,1
Guadeloupe,1983,17
Guadeloupe,1984,14
Guadeloupe,1985,9
Guadeloupe,1986,1
Guadeloupe,1988,4
Guadeloupe,1991,1
Guatemala,1970,4
Guatemala,1971,1
Guatemala,1974,1
Guatemala,1975,5
Guatemala,1976,13
Guatemala,1977,8
Guatemala,1978,29
Guatemala,1979,60
Guatemala,1980,281
Guatemala,1981,399
Guatemala,1982,354
Guatemala,1983,117
Guatemala,1984,74
Guatemala,1985,63
Guatemala,1986,31
Guatemala,1987,56
Guatemala,1988,29
Guatemala,1989,79
Guatemala,1990,83
Guatemala,1991,77
Guatemala,1992,48
Guatemala,1994,84
Guatemala,1995,82
Guatemala,1996,26
Guatemala,1997,26
Guatemala,1999,1
Guatemala,2000,1
Guatemala,2001,2
Guatemala,2003,3
Guatemala,2004,2
Guatemala,2006,4
Guatemala,2012,1
Guatemala,2013,6
Guatemala,2018,2
Guinea,1980,2
Guinea,1992,2
Guinea,1994,2
Guinea,1996,1
Guinea,2000,12
Guinea,2005,1
Guinea,2013,2
Guinea,2015,2
Guinea,2016,1
Guinea,2018,2
Guinea-Bissau,2001,1
Guinea-Bissau,2003,1
Guinea-Bissau,2005,4
Guinea-Bissau,2006,1
Guinea-Bissau,2009,1
Guinea-Bissau,2012,1
Guyana,1978,1
Guyana,1979,2
Guyana,1980,1
Guyana,1981,1
Guyana,1990,5
Guyana,1992,4
Guyana,1997,1
Guyana,1998,2
Guyana,2001,1
Guyana,2002,1
Guyana,2003,1
Guyana,2006,2
Guyana,2008,3
Guyana,2016,1
Guyana,2019,1
Haiti,1973,1
Haiti,1974,2
Haiti,1983,6
Haiti,1987,10
Haiti,1988,6
Haiti,1989,3
Haiti,1990,3
Haiti,1991,17
Haiti,1992,27
Haiti,1994,27
Haiti,1995,34
Haiti,1996,27
Haiti,1997,16
Haiti,1998,1
Haiti,1999,5
Haiti,2000,9
Haiti,2001,5
Haiti,2002,2
Haiti,2003,5
Haiti,2004,2
Haiti,2005,1
Haiti,2006,1
Haiti,2007,2
Haiti,2016,1
Haiti,2018,5
Haiti,2019,4
Honduras,1973,1
Honduras,1979,6
Honduras,1980,16
Honduras,1981,17
Honduras,1982,34
Honduras,1983,29
Honduras,1984,12
Honduras,1985,9
Honduras,1986,8
Honduras,1987,20
Honduras,1988,21
Honduras,1989,29
Honduras,1990,13
Honduras,1991,21
Honduras,1992,12
Honduras,1994,6
Honduras,1995,12
Honduras,1996,19
Honduras,1997,22
Honduras,2002,1
Honduras,2004,1
Honduras,2009,8
Honduras,2011,1
Honduras,2013,2
Honduras,2014,1
Honduras,2016,1
Honduras,2017,1
Honduras,2019,5
Hong Kong,1980,1
Hong Kong,1981,3
Hong Kong,1989,1
Hong Kong,1990,1
Hong Kong,1991,1
Hong Kong,1992,6
Hong Kong,1994,4
Hong Kong,1995,1
Hong Kong,1996,3
Hong Kong,2000,2
Hong Kong,2001,1
Hong Kong,2005,1
Hong Kong,2008,1
Hungary,1989,1
Hungary,1991,3
Hungary,1992,1
Hungary,1994,2
Hungary,1996,13
Hungary,1997,17
Hungary,1998,2
Hungary,2001,1
Hungary,2008,2
Hungary,2009,1
Hungary,2014,1
Hungary,2015,1
Hungary,2016,1
Hungary,2019,1
Iceland,1983,1
Iceland,1986,1
Iceland,2012,1
Iceland,2014,1
India,1972,1
India,1975,1
India,1976,1
India,1977,1
India,1979,20
India,1980,10
India,1981,16
India,1982,13
India,1983,47
India,1984,159
India,1985,39
India,1986,96
India,1987,166
India,1988,358
India,1989,324
India,1990,349
India,1991,339
India,1992,237
India,1994,107
India,1995,179
India,1996,213
India,1997,193
India,1998,61
India,1999,112
India,2000,180
India,2001,234
India,2002,184
India,2003,196
India,2004,108
India,2005,146
India,2006,167
India,2007,150
India,2008,534
India,2009,672
India,2010,663
India,2011,645
India,2012,613
India,2013,694
India,2014,860
India,2015,885
India,2016,1026
India,2017,967
India,2018,888
India,2019,623
Indonesia,1977,1
Indonesia,1978,2
Indonesia,1981,1
Indonesia,1984,2
Indonesia,1985,2
Indonesia,1986,4
Indonesia,1989,2
Indonesia,1990,3
Indonesia,1991,7
Indonesia,1992,4
Indonesia,1994,5
Indonesia,1995,24
Indonesia,1996,65
Indonesia,1997,27
Indonesia,1998,3
Indonesia,1999,60
Indonesia,2000,101
Indonesia,2001,106
Indonesia,2002,43
Indonesia,2003,18
Indonesia,2004,17
Indonesia,2005,15
Indonesia,2006,10
Indonesia,2007,2
Indonesia,2008,13
Indonesia,2009,19
Indonesia,2010,4
Indonesia,2011,21
Indonesia,2012,39
Indonesia,2013,32
Indonesia,2014,35
Indonesia,2015,29
Indonesia,2016,19
Indonesia,2017,27
Indonesia,2018,43
Indonesia,2019,26
International,2002,1
Iran,1970,5
Iran,1971,11
Iran,1972,15
Iran,1973,4
Iran,1974,11
Iran,1975,13
Iran,1976,4
Iran,1977,5
Iran,1978,27
Iran,1979,82
Iran,1980,67
Iran,1981,108
Iran,1982,26
Iran,1983,10
Iran,1984,17
Iran,1985,3
Iran,1986,6
Iran,1987,1
Iran,1988,6
Iran,1989,6
Iran,1990,11
Iran,1991,9
Iran,1992,16
Iran,1994,43
Iran,1995,8
Iran,1996,3
Iran,1998,5
Iran,1999,8
Iran,2000,15
Iran,2001,4
Iran,2003,2
Iran,2005,5
Iran,2006,14
Iran,2007,9
Iran,2008,8
Iran,2009,15
Iran,2010,14
Iran,2011,13
Iran,2012,5
Iran,2013,11
Iran,2014,9
Iran,2015,9
Iran,2016,10
Iran,2017,11
Iran,2018,13
Iran,2019,8
Iraq,1975,1
Iraq,1976,3
Iraq,1979,2
Iraq,1980,6
Iraq,1981,3
Iraq,1982,5
Iraq,1983,3
Iraq,1984,2
Iraq,1987,3
Iraq,1988,4
Iraq,1989,4
Iraq,1991,3
Iraq,1992,35
Iraq,1994,18
Iraq,1995,17
Iraq,1996,12
Iraq,1997,21
Iraq,1998,7
Iraq,1999,12
Iraq,2000,10
Iraq,2001,3
Iraq,2002,6
Iraq,2003,102
Iraq,2004,323
Iraq,2005,617
Iraq,2006,837
Iraq,2007,1045
Iraq,2008,1106
Iraq,2009,1137
Iraq,2010,1179
Iraq,2011,1308
Iraq,2012,1435
Iraq,2013,2852
Iraq,2014,3934
Iraq,2015,2751
Iraq,2016,3395
Iraq,2017,2548
Iraq,2018,1364
Iraq,2019,642
Ireland,1970,1
Ireland,1971,1
Ireland,1972,5
Ireland,1973,3
Ireland,1974,3
Ireland,1975,7
Ireland,1976,5
Ireland,1977,3
Ireland,1978,3
Ireland,1979,8
Ireland,1980,6
Ireland,1981,5
Ireland,1982,4
Ireland,1983,4
Ireland,1984,1
Ireland,1985,2
Ireland,1986,2
Ireland,1987,24
Ireland,1989,3
Ireland,1990,2
Ireland,1991,16
Ireland,1992,7
Ireland,1994,10
Ireland,1995,3
Ireland,1996,1
Ireland,1997,4
Ireland,1998,3
Ireland,1999,3
Ireland,2001,2
Ireland,2003,1
Ireland,2006,1
Ireland,2007,1
Ireland,2008,5
Ireland,2010,4
Ireland,2011,4
Ireland,2012,29
Ireland,2013,27
Ireland,2014,33
Ireland,2015,28
Ireland,2016,15
Ireland,2017,17
Ireland,2018,5
Ireland,2019,12
Israel,1971,1
Israel,1972,15
Israel,1973,1
Israel,1974,12
Israel,1975,2
Israel,1976,2
Israel,1977,6
Israel,1978,23
Israel,1979,129
Israel,1980,77
Israel,1981,32
Israel,1982,54
Israel,1983,26
Israel,1984,20
Israel,1985,18
Israel,1986,47
Israel,1987,20
Israel,1988,32
Israel,1989,73
Israel,1990,81
Israel,1991,53
Israel,1992,58
Israel,1994,41
Israel,1995,12
Israel,1996,18
Israel,1997,12
Israel,1998,12
Israel,1999,8
Israel,2000,13
Israel,2001,70
Israel,2002,71
Israel,2003,34
Israel,2004,18
Israel,2005,28
Israel,2006,79
Israel,2007,49
Israel,2008,129
Israel,2009,36
Israel,2010,14
Israel,2011,51
Israel,2012,59
Israel,2013,37
Israel,2014,293
Israel,2015,58
Israel,2016,50
Israel,2017,34
Israel,2018,63
Israel,2019,65
Italy,1970,3
Italy,1971,3
Italy,1972,4
Italy,1973,15
Italy,1974,22
Italy,1975,7
Italy,1976,173
Italy,1977,308
Italy,1978,277
Italy,1979,209
Italy,1980,110
Italy,1981,69
Italy,1982,23
Italy,1983,7
Italy,1984,14
Italy,1985,11
Italy,1986,7
Italy,1987,14
Italy,1988,29
Italy,1989,15
Italy,1990,6
Italy,1991,31
Italy,1992,37
Italy,1994,18
Italy,1995,1
Italy,1996,8
Italy,1997,8
Italy,1998,6
Italy,1999,7
Italy,2000,8
Italy,2001,11
Italy,2002,7
Italy,2003,15
Italy,2004,3
Italy,2005,6
Italy,2006,4
Italy,2008,1
Italy,2009,4
Italy,2010,10
Italy,2011,5
Italy,2012,10
Italy,2013,7
Italy,2014,7
Italy,2015,5
Italy,2016,11
Italy,2017,10
Italy,2018,15
Italy,2019,8
Ivory Coast,1992,3
Ivory Coast,1994,2
Ivory Coast,1995,7
Ivory Coast,1996,2
Ivory Coast,1997,1
Ivory Coast,2000,2
Ivory Coast,2001,1
Ivory Coast,2002,1
Ivory Coast,2004,1
Ivory Coast,2005,1
Ivory Coast,2006,3
Ivory Coast,2007,1
Ivory Coast,2010,7
Ivory Coast,2011,3
Ivory Coast,2012,16
Ivory Coast,2013,4
Ivory Coast,2014,1
Ivory Coast,2015,4
Ivory Coast,2016,1
Ivory Coast,2017,13
Ivory Coast,2018,2
Ivory Coast,2019,1
Jamaica,1974,2
Jamaica,1976,1
Jamaica,1979,2
Jamaica,1980,6
Jamaica,1981,1
Jamaica,1986,1
Jamaica,1991,1
Jamaica,1992,6
Jamaica,1994,2
Jamaica,1995,1
Jamaica,1996,1
Jamaica,1997,8
Jamaica,2007,1
Jamaica,2014,1
Jamaica,2017,2
Japan,1970,2
Japan,1973,2
Japan,1974,3
Japan,1975,12
Japan,1976,1
Japan,1977,4
Japan,1978,35
Japan,1979,16
Japan,1981,1
Japan,1982,2
Japan,1983,12
Japan,1984,15
Japan,1985,10
Japan,1986,10
Japan,1987,10
Japan,1988,16
Japan,1989,13
Japan,1990,93
Japan,1991,19
Japan,1992,40
Japan,1994,9
Japan,1995,20
Japan,1996,8
Japan,1997,5
Japan,1998,1
Japan,1999,2
Japan,2000,13
Japan,2001,3
Japan,2002,2
Japan,2003,2
Japan,2008,3
Japan,2009,1
Japan,2013,1
Japan,2014,5
Japan,2015,10
Japan,2016,1
Japan,2018,1
Japan,2019,2
Jordan,1970,9
Jordan,1971,5
Jordan,1972,7
Jordan,1973,1
Jordan,1976,1
Jordan,1980,1
Jordan,1981,2
Jordan,1982,1
Jordan,1983,7
Jordan,1984,5
Jordan,1988,1
Jordan,1990,3
Jordan,1991,11
Jordan,1992,2
Jordan,1994,6
Jordan,1995,3
Jordan,1996,2
Jordan,1997,3
Jordan,1998,1
Jordan,1999,2
Jordan,2000,2
Jordan,2001,2
Jordan,2002,2
Jordan,2005,4
Jordan,2006,1
Jordan,2010,2
Jordan,2012,2
Jordan,2013,1
Jordan,2014,3
Jordan,2015,4
Jordan,2016,11
Jordan,2017,8
Jordan,2018,2
Jordan,2019,4
Kazakhstan,1992,5
Kazakhstan,1994,1
Kazakhstan,1997,2
Kazakhstan,2000,1
Kazakhstan,2001,1
Kazakhstan,2008,1
Kazakhstan,2011,5
Kazakhstan,2012,4
Kazakhstan,2013,4
Kazakhstan,2016,3
Kazakhstan,2019,1
Kenya,1975,4
Kenya,1976,2
Kenya,1978,1
Kenya,1980,1
Kenya,1989,4
Kenya,1991,5
Kenya,1992,30
Kenya,1994,5
Kenya,1995,4
Kenya,1996,3
Kenya,1997,17
Kenya,1998,2
Kenya,2000,4
Kenya,2001,7
Kenya,2002,2
Kenya,2003,2
Kenya,2005,2
Kenya,2006,2
Kenya,2007,12
Kenya,2008,11
Kenya,2009,1
Kenya,2010,12
Kenya,2011,42
Kenya,2012,80
Kenya,2013,80
Kenya,2014,115
Kenya,2015,70
Kenya,2016,65
Kenya,2017,97
Kenya,2018,52
Kenya,2019,49
Kosovo,1999,39
Kosovo,2000,60
Kosovo,2001,17
Kosovo,2002,5
Kosovo,2003,9
Kosovo,2004,1
Kosovo,2005,8
Kosovo,2006,6
Kosovo,2007,5
Kosovo,2008,11
Kosovo,2009,1
Kosovo,2010,1
Kosovo,2011,1
Kosovo,2012,4
Kosovo,2013,6
Kosovo,2014,4
Kosovo,2015,2
Kosovo,2016,8
Kosovo,2017,8
Kosovo,2018,2
Kuwait,1972,1
Kuwait,1974,1
Kuwait,1975,1
Kuwait,1976,1
Kuwait,1978,1
Kuwait,1980,4
Kuwait,1981,3
Kuwait,1982,1
Kuwait,1983,7
Kuwait,1984,1
Kuwait,1985,2
Kuwait,1986,1
Kuwait,1987,12
Kuwait,1988,4
Kuwait,1991,5
Kuwait,1992,15
Kuwait,1994,2
Kuwait,1997,2
Kuwait,2001,2
Kuwait,2002,1
Kuwait,2003,3
Kuwait,2005,2
Kuwait,2011,1
Kuwait,2015,1
Kuwait,2016,2
Kyrgyzstan,1996,5
Kyrgyzstan,1999,3
Kyrgyzstan,2000,4
Kyrgyzstan,2001,1
Kyrgyzstan,2002,2
Kyrgyzstan,2003,1
Kyrgyzstan,2005,2
Kyrgyzstan,2006,3
Kyrgyzstan,2007,1
Kyrgyzstan,2010,1
Kyrgyzstan,2011,1
Kyrgyzstan,2014,2
Kyrgyzstan,2015,3
Kyrgyzstan,2016,4
Kyrgyzstan,2017,3
Kyrgyzstan,2018,1
Laos,1989,1
Laos,1990,1
Laos,1992,4
Laos,1994,1
Laos,1996,1
Laos,2000,8
Laos,2001,1
Laos,2003,2
Laos,2012,1
Laos,2015,2
Laos,2016,4
Laos,2017,1
Latvia,1992,2
Latvia,1994,2
Latvia,1995,1
Latvia,1997,2
Latvia,1998,4
Latvia,1999,1
Latvia,2000,3
Latvia,2007,1
Latvia,2017,1
Lebanon,1970,1
Lebanon,1971,1
Lebanon,1972,3
Lebanon,1973,11
Lebanon,1974,11
Lebanon,1975,15
Lebanon,1976,4
Lebanon,1977,4
Lebanon,1978,12
Lebanon,1979,38
Lebanon,1980,86
Lebanon,1981,81
Lebanon,1982,120
Lebanon,1983,234
Lebanon,1984,166
Lebanon,1985,96
Lebanon,1986,106
Lebanon,1987,94
Lebanon,1988,125
Lebanon,1989,142
Lebanon,1990,84
Lebanon,1991,91
Lebanon,1992,91
Lebanon,1994,67
Lebanon,1995,38
Lebanon,1996,39
Lebanon,1997,46
Lebanon,1998,23
Lebanon,1999,42
Lebanon,2000,12
Lebanon,2001,5
Lebanon,2002,8
Lebanon,2003,5
Lebanon,2004,1
Lebanon,2005,17
Lebanon,2006,8
Lebanon,2007,18
Lebanon,2008,58
Lebanon,2009,14
Lebanon,2010,5
Lebanon,2011,10
Lebanon,2012,15
Lebanon,2013,121
Lebanon,2014,205
Lebanon,2015,44
Lebanon,2016,41
Lebanon,2017,23
Lebanon,2018,8
Lebanon,2019,7
Lesotho,1979,2
Lesotho,1981,5
Lesotho,1982,2
Lesotho,1983,12
Lesotho,1984,1
Lesotho,1988,1
Lesotho,1994,3
Lesotho,2006,1
Lesotho,2009,1
Lesotho,2015,1
Liberia,1990,4
Liberia,1991,1
Liberia,1992,10
Liberia,1994,3
Liberia,1996,1
Liberia,1999,2
Liberia,2000,1
Liberia,2001,3
Liberia,2002,3
Liberia,2003,2
Liberia,2008,1
Liberia,2012,1
Liberia,2014,1
Liberia,2017,1
Liberia,2019,1
Libya,1979,3
Libya,1980,2
Libya,1984,3
Libya,1992,1
Libya,1995,1
Libya,1996,4
Libya,2007,1
Libya,2008,1
Libya,2011,2
Libya,2012,57
Libya,2013,291
Libya,2014,729
Libya,2015,543
Libya,2016,422
Libya,2017,191
Libya,2018,167
Libya,2019,70
Lithuania,1991,1
Lithuania,1992,1
Lithuania,1995,2
Lithuania,1996,3
Lithuania,1997,1
Lithuania,2018,1
Lithuania,2019,1
Luxembourg,1983,2
Luxembourg,1985,10
Luxembourg,1986,1
Luxembourg,1994,3
Macau,1995,1
Macau,1996,10
Macau,1997,16
Macau,1998,6
Macedonia,1994,1
Macedonia,1995,1
Macedonia,1997,2
Macedonia,1998,5
Macedonia,1999,3
Macedonia,2000,3
Macedonia,2001,67
Macedonia,2002,8
Macedonia,2003,5
Macedonia,2006,3
Macedonia,2007,1
Macedonia,2008,9
Macedonia,2009,1
Macedonia,2012,1
Macedonia,2014,3
Macedonia,2015,4
Macedonia,2017,1
Madagascar,1991,1
Madagascar,1992,7
Madagascar,1995,3
Madagascar,1996,2
Madagascar,1997,1
Madagascar,2002,5
Madagascar,2006,1
Madagascar,2009,1
Madagascar,2011,1
Madagascar,2012,1
Madagascar,2013,2
Madagascar,2014,1
Madagascar,2016,1
Malawi,1992,3
Malawi,2002,1
Malawi,2017,1
Malawi,2018,2
Malawi,2019,5
Malaysia,1973,1
Malaysia,1975,3
Malaysia,1977,2
Malaysia,1979,1
Malaysia,1983,1
Malaysia,1986,15
Malaysia,1988,4
Malaysia,1989,2
Malaysia,1990,3
Malaysia,1991,3
Malaysia,1992,2
Malaysia,2000,3
Malaysia,2001,1
Malaysia,2008,2
Malaysia,2009,1
Malaysia,2012,2
Malaysia,2013,13
Malaysia,2014,12
Malaysia,2015,5
Malaysia,2016,19
Malaysia,2017,4
Malaysia,2018,7
Malaysia,2019,2
Maldives,1988,1
Maldives,2006,1
Maldives,2007,1
Maldives,2008,1
Maldives,2012,2
Maldives,2013,3
Maldives,2014,10
Maldives,2015,2
Maldives,2016,1
Maldives,2017,2
Maldives,2018,2
Maldives,2019,1
Mali,1990,1
Mali,1991,12
Mali,1992,3
Mali,1994,13
Mali,1995,1
Mali,1997,3
Mali,2005,1
Mali,2007,5
Mali,2008,9
Mali,2009,6
Mali,2010,1
Mali,2011,4
Mali,2012,19
Mali,2013,58
Mali,2014,69
Mali,2015,121
Mali,2016,100
Mali,2017,142
Mali,2018,164
Mali,2019,137
Malta,1977,1
Malta,1984,7
Malta,1985,1
Malta,1986,1
Malta,1987,4
Malta,1992,1
Malta,1995,2
Malta,1997,1
Malta,2014,1
Malta,2015,1
Malta,2017,3
Martinique,1981,1
Martinique,1983,5
Martinique,1984,2
Martinique,1987,1
Martinique,1988,1
Martinique,1991,1
Martinique,1992,1
Mauritania,1977,4
Mauritania,1996,1
Mauritania,2004,1
Mauritania,2005,1
Mauritania,2008,2
Mauritania,2009,5
Mauritania,2010,1
Mauritania,2011,3
Mauritania,2018,1
Mauritius,1988,1
Mauritius,1989,1
Mexico,1970,2
Mexico,1972,1
Mexico,1973,6
Mexico,1974,16
Mexico,1975,10
Mexico,1976,20
Mexico,1977,19
Mexico,1978,30
Mexico,1979,10
Mexico,1980,5
Mexico,1981,3
Mexico,1982,3
Mexico,1983,2
Mexico,1984,4
Mexico,1985,1
Mexico,1986,2
Mexico,1987,1
Mexico,1988,3
Mexico,1989,1
Mexico,1990,5
Mexico,1991,10
Mexico,1992,6
Mexico,1994,42
Mexico,1995,29
Mexico,1996,75
Mexico,1997,95
Mexico,1998,2
Mexico,1999,1
Mexico,2000,4
Mexico,2001,7
Mexico,2003,1
Mexico,2004,1
Mexico,2005,1
Mexico,2006,7
Mexico,2007,10
Mexico,2008,8
Mexico,2009,1
Mexico,2010,5
Mexico,2011,2
Mexico,2012,16
Mexico,2013,8
Mexico,2014,5
Mexico,2015,19
Mexico,2016,5
Mexico,2017,20
Mexico,2018,27
Mexico,2019,31
Moldova,1991,1
Moldova,1992,11
Moldova,1994,1
Moldova,1996,2
Moldova,1997,1
Moldova,2000,1
Moldova,2006,1
Moldova,2009,1
Moldova,2012,1
Moldova,2016,1
Montenegro,2001,1
Montenegro,2007,1
Montenegro,2013,2
Montenegro,2015,1
Montenegro,2018,3
Morocco,1973,2
Morocco,1976,1
Morocco,1978,1
Morocco,1979,2
Morocco,1985,2
Morocco,1986,2
Morocco,1987,4
Morocco,1991,3
Morocco,1992,1
Morocco,1994,2
Morocco,1995,1
Morocco,1996,2
Morocco,2003,5
Morocco,2007,6
Morocco,2011,1
Morocco,2015,1
Morocco,2018,1
Mozambique,1978,2
Mozambique,1979,5
Mozambique,1981,3
Mozambique,1982,9
Mozambique,1983,4
Mozambique,1984,10
Mozambique,1985,5
Mozambique,1986,7
Mozambique,1987,11
Mozambique,1988,16
Mozambique,1989,64
Mozambique,1990,23
Mozambique,1991,35
Mozambique,1992,19
Mozambique,1994,3
Mozambique,1995,3
Mozambique,1999,1
Mozambique,2000,3
Mozambique,2007,1
Mozambique,2012,1
Mozambique,2013,18
Mozambique,2014,22
Mozambique,2015,8
Mozambique,2016,79
Mozambique,2017,15
Mozambique,2018,65
Mozambique,2019,133
Myanmar,1973,1
Myanmar,1976,2
Myanmar,1979,19
Myanmar,1980,1
Myanmar,1982,2
Myanmar,1983,4
Myanmar,1987,1
Myanmar,1988,23
Myanmar,1989,24
Myanmar,1990,9
Myanmar,1991,22
Myanmar,1992,12
Myanmar,1994,8
Myanmar,1995,12
Myanmar,1996,13
Myanmar,1997,35
Myanmar,1999,4
Myanmar,2001,3
Myanmar,2002,4
Myanmar,2003,9
Myanmar,2004,2
Myanmar,2005,8
Myanmar,2006,2
Myanmar,2007,3
Myanmar,2008,20
Myanmar,2009,14
Myanmar,2010,11
Myanmar,2011,2
Myanmar,2012,17
Myanmar,2013,18
Myanmar,2014,16
Myanmar,2015,37
Myanmar,2016,74
Myanmar,2017,116
Myanmar,2018,40
Myanmar,2019,90
Namibia,1975,1
Namibia,1976,2
Namibia,1978,8
Namibia,1979,31
Namibia,1980,2
Namibia,1982,2
Namibia,1983,5
Namibia,1984,24
Namibia,1985,8
Namibia,1986,1
Namibia,1987,7
Namibia,1988,17
Namibia,1989,11
Namibia,1990,2
Namibia,1991,1
Namibia,1994,1
Namibia,1999,1
Namibia,2000,21
Namibia,2001,6
Nepal,1985,9
Nepal,1991,1
Nepal,1992,8
Nepal,1994,3
Nepal,1996,5
Nepal,1997,9
Nepal,1999,8
Nepal,2000,23
Nepal,2001,33
Nepal,2002,58
Nepal,2003,15
Nepal,2004,62
Nepal,2005,70
Nepal,2006,83
Nepal,2007,90
Nepal,2008,120
Nepal,2009,39
Nepal,2010,38
Nepal,2011,46
Nepal,2012,46
Nepal,2013,104
Nepal,2014,7
Nepal,2015,48
Nepal,2016,43
Nepal,2017,247
Nepal,2018,99
Nepal,2019,200
Netherlands,1970,3
Netherlands,1971,1
Netherlands,1972,1
Netherlands,1973,1
Netherlands,1974,2
Netherlands,1975,4
Netherlands,1976,3
Netherlands,1977,6
Netherlands,1978,3
Netherlands,1979,3
Netherlands,1980,1
Netherlands,1981,1
Netherlands,1982,2
Netherlands,1983,2
Netherlands,1984,1
Netherlands,1985,4
Netherlands,1986,14
Netherlands,1987,1
Netherlands,1988,4
Netherlands,1989,5
Netherlands,1990,6
Netherlands,1991,8
Netherlands,1992,12
Netherlands,1994,3
Netherlands,1995,7
Netherlands,1996,6
Netherlands,1997,1
Netherlands,1999,1
Netherlands,2000,1
Netherlands,2001,1
Netherlands,2002,2
Netherlands,2003,3
Netherlands,2004,1
Netherlands,2008,1
Netherlands,2009,1
Netherlands,2010,1
Netherlands,2011,2
Netherlands,2014,1
Netherlands,2015,3
Netherlands,2016,6
Netherlands,2017,1
Netherlands,2018,6
Netherlands,2019,4
New Caledonia,1984,10
New Caledonia,1985,7
New Caledonia,1986,2
New Caledonia,1988,9
New Caledonia,1989,1
New Caledonia,1992,2
New Caledonia,2017,1
New Caledonia,2018,18
New Caledonia,2019,1
New Hebrides,1980,1
New Zealand,1973,1
New Zealand,1981,2
New Zealand,1984,1
New Zealand,1991,1
New Zealand,1994,1
New Zealand,1996,2
New Zealand,1997,1
New Zealand,2001,1
New Zealand,2003,3
New Zealand,2008,5
New Zealand,2014,1
New Zealand,2016,1
New Zealand,2019,2
Nicaragua,1970,1
Nicaragua,1974,1
Nicaragua,1975,1
Nicaragua,1977,5
Nicaragua,1978,76
Nicaragua,1979,206
Nicaragua,1980,35
Nicaragua,1981,47
Nicaragua,1982,63
Nicaragua,1983,299
Nicaragua,1984,302
Nicaragua,1985,258
Nicaragua,1986,171
Nicaragua,1987,223
Nicaragua,1988,62
Nicaragua,1989,21
Nicaragua,1990,15
Nicaragua,1991,80
Nicaragua,1992,30
Nicaragua,1994,19
Nicaragua,1995,18
Nicaragua,1996,26
Nicaragua,1997,7
Nicaragua,1999,1
Nicaragua,2000,1
Nicaragua,2014,2
Nicaragua,2018,7
Nicaragua,2019,3
Niger,1985,1
Niger,1989,1
Niger,1991,6
Niger,1992,16
Niger,1994,8
Niger,1995,2
Niger,1996,1
Niger,1997,3
Niger,1999,2
Niger,2007,7
Niger,2008,9
Niger,2009,4
Niger,2010,3
Niger,2011,2
Niger,2012,1
Niger,2013,4
Niger,2014,5
Niger,2015,41
Niger,2016,25
Niger,2017,13
Niger,2018,19
Niger,2019,49
Nigeria,1976,1
Nigeria,1980,1
Nigeria,1983,3
Nigeria,1988,2
Nigeria,1991,3
Nigeria,1992,11
Nigeria,1994,8
Nigeria,1995,1
Nigeria,1996,11
Nigeria,1997,20
Nigeria,1998,2
Nigeria,1999,18
Nigeria,2000,6
Nigeria,2001,5
Nigeria,2002,6
Nigeria,2003,9
Nigeria,2004,6
Nigeria,2005,9
Nigeria,2006,37
Nigeria,2007,61
Nigeria,2008,76
Nigeria,2009,42
Nigeria,2010,63
Nigeria,2011,175
Nigeria,2012,615
Nigeria,2013,347
Nigeria,2014,713
Nigeria,2015,641
Nigeria,2016,535
Nigeria,2017,488
Nigeria,2018,648
Nigeria,2019,507
North Korea,1994,1
North Yemen,1974,1
North Yemen,1977,1
North Yemen,1978,2
North Yemen,1981,1
North Yemen,1988,1
Norway,1979,1
Norway,1981,1
Norway,1987,2
Norway,1991,2
Norway,1992,2
Norway,1994,2
Norway,1996,1
Norway,2001,1
Norway,2003,1
Norway,2006,1
Norway,2010,1
Norway,2011,3
Norway,2017,1
Norway,2019,3
Pakistan,1970,1
Pakistan,1974,2
Pakistan,1975,2
Pakistan,1976,3
Pakistan,1978,2
Pakistan,1979,7
Pakistan,1980,1
Pakistan,1981,4
Pakistan,1982,4
Pakistan,1983,9
Pakistan,1984,3
Pakistan,1985,2
Pakistan,1986,24
Pakistan,1987,60
Pakistan,1988,44
Pakistan,1989,45
Pakistan,1990,87
Pakistan,1991,150
Pakistan,1992,85
Pakistan,1994,154
Pakistan,1995,666
Pakistan,1996,180
Pakistan,1997,206
Pakistan,1998,37
Pakistan,1999,39
Pakistan,2000,49
Pakistan,2001,53
Pakistan,2002,46
Pakistan,2003,29
Pakistan,2004,67
Pakistan,2005,77
Pakistan,2006,164
Pakistan,2007,260
Pakistan,2008,568
Pakistan,2009,667
Pakistan,2010,713
Pakistan,2011,1012
Pakistan,2012,1654
Pakistan,2013,2215
Pakistan,2014,2149
Pakistan,2015,1243
Pakistan,2016,864
Pakistan,2017,719
Pakistan,2018,480
Pakistan,2019,362
Panama,1972,1
Panama,1976,2
Panama,1979,4
Panama,1980,4
Panama,1981,4
Panama,1983,9
Panama,1984,2
Panama,1986,5
Panama,1987,4
Panama,1988,1
Panama,1989,2
Panama,1990,15
Panama,1991,16
Panama,1992,37
Panama,1994,3
Panama,1995,6
Panama,1996,2
Panama,1997,6
Panama,1999,1
Panama,2000,1
Panama,2009,1
Panama,2016,1
Papua New Guinea,1989,24
Papua New Guinea,1990,18
Papua New Guinea,1991,2
Papua New Guinea,1992,10
Papua New Guinea,1994,3
Papua New Guinea,1995,10
Papua New Guinea,1996,10
Papua New Guinea,1997,2
Papua New Guinea,2002,1
Papua New Guinea,2007,1
Papua New Guinea,2017,8
Paraguay,1970,1
Paraguay,1976,1
Paraguay,1980,2
Paraguay,1984,2
Paraguay,1985,1
Paraguay,1987,1
Paraguay,1992,4
Paraguay,1994,2
Paraguay,1995,12
Paraguay,1997,6
Paraguay,1999,1
Paraguay,2000,2
Paraguay,2010,2
Paraguay,2011,4
Paraguay,2012,4
Paraguay,2013,10
Paraguay,2014,15
Paraguay,2015,19
Paraguay,2016,15
Paraguay,2017,10
Paraguay,2018,4
People's Republic of the Congo,1972,1
People's Republic of the Congo,1977,2
People's Republic of the Congo,1982,1
Peru,1973,3
Peru,1974,3
Peru,1975,2
Peru,1977,4
Peru,1978,4
Peru,1979,3
Peru,1980,64
Peru,1981,149
Peru,1982,350
Peru,1983,536
Peru,1984,592
Peru,1985,352
Peru,1986,568
Peru,1987,627
Peru,1988,355
Peru,1989,630
Peru,1990,495
Peru,1991,658
Peru,1992,383
Peru,1994,91
Peru,1995,44
Peru,1996,42
Peru,1997,58
Peru,1998,5
Peru,1999,5
Peru,2000,3
Peru,2001,3
Peru,2002,2
Peru,2003,1
Peru,2004,3
Peru,2005,2
Peru,2006,1
Peru,2007,4
Peru,2008,1
Peru,2009,4
Peru,2012,9
Peru,2013,13
Peru,2014,12
Peru,2015,10
Peru,2016,4
Peru,2017,8
Peru,2018,5
Peru,2019,1
Philippines,1970,10
Philippines,1971,4
Philippines,1972,7
Philippines,1974,1
Philippines,1975,4
Philippines,1976,10
Philippines,1977,2
Philippines,1978,36
Philippines,1979,50
Philippines,1980,60
Philippines,1981,31
Philippines,1982,38
Philippines,1983,16
Philippines,1984,43
Philippines,1985,124
Philippines,1986,80
Philippines,1987,160
Philippines,1988,210
Philippines,1989,156
Philippines,1990,320
Philippines,1991,162
Philippines,1992,162
Philippines,1994,72
Philippines,1995,63
Philippines,1996,61
Philippines,1997,57
Philippines,1998,18
Philippines,1999,31
Philippines,2000,132
Philippines,2001,50
Philippines,2002,48
Philippines,2003,107
Philippines,2004,31
Philippines,2005,25
Philippines,2006,58
Philippines,2007,65
Philippines,2008,276
Philippines,2009,229
Philippines,2010,205
Philippines,2011,151
Philippines,2012,249
Philippines,2013,651
Philippines,2014,597
Philippines,2015,721
Philippines,2016,632
Philippines,2017,695
Philippines,2018,600
Philippines,2019,466
Poland,1971,1
Poland,1979,1
Poland,1981,1
Poland,1990,7
Poland,1992,5
Poland,1994,4
Poland,1995,4
Poland,1996,6
Poland,1997,3
Poland,1998,2
Poland,2001,1
Poland,2010,1
Poland,2016,2
Poland,2017,1
Poland,2018,1
Portugal,1972,1
Portugal,1973,1
Portugal,1975,4
Portugal,1976,15
Portugal,1977,15
Portugal,1978,4
Portugal,1979,15
Portugal,1980,8
Portugal,1981,10
Portugal,1982,3
Portugal,1983,9
Portugal,1984,14
Portugal,1985,20
Portugal,1986,11
Portugal,1988,2
Portugal,1989,1
Portugal,1992,1
Portugal,1994,1
Portugal,1995,3
Portugal,2011,2
Qatar,1982,1
Qatar,1989,1
Qatar,1996,1
Qatar,2000,1
Qatar,2001,1
Qatar,2005,1
Qatar,2015,1
Republic of the Congo,1990,1
Republic of the Congo,1994,8
Republic of the Congo,1996,1
Republic of the Congo,1997,2
Republic of the Congo,1999,3
Republic of the Congo,2001,1
Republic of the Congo,2002,3
Republic of the Congo,2003,1
Republic of the Congo,2013,1
Republic of the Congo,2016,15
Rhodesia,1978,19
Rhodesia,1979,51
Rhodesia,1980,13
Romania,1984,1
Romania,1985,1
Romania,1991,1
Romania,1992,1
Romania,1995,1
Romania,2008,1
Russia,1992,21
Russia,1994,47
Russia,1995,37
Russia,1996,66
Russia,1997,77
Russia,1998,26
Russia,1999,54
Russia,2000,138
Russia,2001,135
Russia,2002,89
Russia,2003,76
Russia,2004,43
Russia,2005,64
Russia,2006,56
Russia,2007,51
Russia,2008,170
Russia,2009,152
Russia,2010,251
Russia,2011,188
Russia,2012,151
Russia,2013,145
Russia,2014,48
Russia,2015,22
Russia,2016,56
Russia,2017,34
Russia,2018,23
Russia,2019,10
Rwanda,1991,3
Rwanda,1992,18
Rwanda,1994,33
Rwanda,1995,17
Rwanda,1996,15
Rwanda,1997,33
Rwanda,1998,9
Rwanda,2000,1
Rwanda,2001,2
Rwanda,2005,1
Rwanda,2008,1
Rwanda,2009,1
Rwanda,2010,8
Rwanda,2011,2
Rwanda,2012,6
Rwanda,2013,4
Rwanda,2014,2
Rwanda,2016,1
Rwanda,2017,2
Rwanda,2018,5
Rwanda,2019,3
Saudi Arabia,1977,1
Saudi Arabia,1979,1
Saudi Arabia,1984,2
Saudi Arabia,1985,2
Saudi Arabia,1986,1
Saudi Arabia,1988,1
Saudi Arabia,1989,3
Saudi Arabia,1991,2
Saudi Arabia,1994,2
Saudi Arabia,1995,3
Saudi Arabia,1996,1
Saudi Arabia,2000,5
Saudi Arabia,2001,3
Saudi Arabia,2002,2
Saudi Arabia,2003,8
Saudi Arabia,2004,17
Saudi Arabia,2005,1
Saudi Arabia,2006,3
Saudi Arabia,2007,1
Saudi Arabia,2009,3
Saudi Arabia,2011,2
Saudi Arabia,2012,6
Saudi Arabia,2013,6
Saudi Arabia,2014,14
Saudi Arabia,2015,104
Saudi Arabia,2016,134
Saudi Arabia,2017,57
Saudi Arabia,2018,94
Saudi Arabia,2019,42
Senegal,1980,1
Senegal,1988,3
Senegal,1990,11
Senegal,1991,4
Senegal,1992,15
Senegal,1994,2
Senegal,1995,8
Senegal,1997,26
Senegal,1998,1
Senegal,1999,1
Senegal,2000,4
Senegal,2001,8
Senegal,2002,3
Senegal,2005,1
Senegal,2007,1
Senegal,2008,2
Senegal,2009,3
Senegal,2010,1
Senegal,2011,4
Senegal,2012,12
Senegal,2013,3
Senegal,2014,2
Senegal,2015,2
Senegal,2018,3
Senegal,2019,1
Serbia,2008,4
Serbia,2009,3
Serbia,2010,1
Serbia,2012,3
Serbia,2017,1
Serbia,2018,2
Serbia-Montenegro,2003,6
Serbia-Montenegro,2004,1
Serbia-Montenegro,2005,2
Serbia-Montenegro,2006,2
Seychelles,1981,2
Sierra Leone,1991,9
Sierra Leone,1992,4
Sierra Leone,1994,22
Sierra Leone,1995,14
Sierra Leone,1996,5
Sierra Leone,1997,3
Sierra Leone,1998,7
Sierra Leone,1999,9
Sierra Leone,2000,24
Sierra Leone,2016,1
Sierra Leone,2017,3
Singapore,1974,1
Singapore,1985,1
Singapore,1987,2
Singapore,1991,1
Singapore,1992,1
Singapore,1994,1
Slovak Republic,1994,1
Slovak Republic,1995,3
Slovak Republic,1996,5
Slovak Republic,1997,4
Slovak Republic,1998,2
Slovak Republic,1999,1
Slovak Republic,2000,1
Slovak Republic,2016,1
Slovak Republic,2018,1
Slovenia,1994,1
Slovenia,1996,3
Slovenia,1997,1
Slovenia,2000,1
Solomon Islands,1999,1
Solomon Islands,2000,1
Solomon Islands,2002,1
Solomon Islands,2003,1
Somalia,1975,1
Somalia,1980,1
Somalia,1981,8
Somalia,1983,1
Somalia,1984,2
Somalia,1987,1
Somalia,1988,2
Somalia,1989,2
Somalia,1990,12
Somalia,1991,8
Somalia,1992,21
Somalia,1994,57
Somalia,1995,13
Somalia,1996,16
Somalia,1997,19
Somalia,1998,1
Somalia,1999,4
Somalia,2000,9
Somalia,2001,5
Somalia,2002,3
Somalia,2003,1
Somalia,2004,1
Somalia,2005,6
Somalia,2006,10
Somalia,2007,156
Somalia,2008,172
Somalia,2009,122
Somalia,2010,130
Somalia,2011,185
Somalia,2012,325
Somalia,2013,342
Somalia,2014,872
Somalia,2015,422
Somalia,2016,602
Somalia,2017,617
Somalia,2018,527
Somalia,2019,361
South Africa,1974,1
South Africa,1976,1
South Africa,1977,15
South Africa,1978,9
South Africa,1979,16
South Africa,1980,23
South Africa,1981,42
South Africa,1982,26
South Africa,1983,56
South Africa,1984,60
South Africa,1985,106
South Africa,1986,159
South Africa,1987,133
South Africa,1988,245
South Africa,1989,149
South Africa,1990,154
South Africa,1991,127
South Africa,1992,271
South Africa,1994,174
South Africa,1995,32
South Africa,1996,47
South Africa,1997,17
South Africa,1998,6
South Africa,1999,17
South Africa,2000,21
South Africa,2002,8
South Africa,2007,2
South Africa,2008,1
South Africa,2012,4
South Africa,2013,13
South Africa,2014,20
South Africa,2015,5
South Africa,2016,27
South Africa,2017,29
South Africa,2018,41
South Africa,2019,23
South Korea,1974,1
South Korea,1982,1
South Korea,1983,1
South Korea,1986,2
South Korea,1988,8
South Korea,1989,1
South Korea,1990,3
South Korea,1991,6
South Korea,1992,3
South Korea,1994,2
South Korea,1995,4
South Korea,1996,1
South Korea,2001,1
South Korea,2003,1
South Korea,2006,1
South Korea,2015,1
South Korea,2016,1
South Korea,2018,1
South Korea,2019,1
South Sudan,2012,5
South Sudan,2013,13
South Sudan,2014,40
South Sudan,2015,54
South Sudan,2016,59
South Sudan,2017,54
South Sudan,2018,69
South Sudan,2019,13
South Vietnam,1972,1
South Yemen,1971,1
South Yemen,1983,1
Soviet Union,1978,1
Soviet Union,1989,7
Soviet Union,1990,36
Soviet Union,1991,34
Spain,1970,4
Spain,1971,22
Spain,1972,19
Spain,1973,21
Spain,1974,14
Spain,1975,136
Spain,1976,50
Spain,1977,147
Spain,1978,209
Spain,1979,279
Spain,1980,187
Spain,1981,107
Spain,1982,146
Spain,1983,122
Spain,1984,143
Spain,1985,114
Spain,1986,125
Spain,1987,104
Spain,1988,151
Spain,1989,142
Spain,1990,113
Spain,1991,89
Spain,1992,72
Spain,1994,55
Spain,1995,44
Spain,1996,63
Spain,1997,86
Spain,1998,17
Spain,1999,47
Spain,2000,112
Spain,2001,79
Spain,2002,41
Spain,2003,21
Spain,2004,31
Spain,2005,24
Spain,2006,23
Spain,2007,11
Spain,2008,37
Spain,2009,21
Spain,2010,3
Spain,2012,1
Spain,2013,5
Spain,2014,4
Spain,2015,1
Spain,2016,3
Spain,2017,4
Spain,2018,2
Spain,2019,4
Sri Lanka,1975,1
Sri Lanka,1979,3
Sri Lanka,1981,2
Sri Lanka,1982,2
Sri Lanka,1983,7
Sri Lanka,1984,81
Sri Lanka,1985,110
Sri Lanka,1986,142
Sri Lanka,1987,115
Sri Lanka,1988,350
Sri Lanka,1989,510
Sri Lanka,1990,140
Sri Lanka,1991,115
Sri Lanka,1992,103
Sri Lanka,1994,35
Sri Lanka,1995,126
Sri Lanka,1996,176
Sri Lanka,1997,63
Sri Lanka,1998,35
Sri Lanka,1999,46
Sri Lanka,2000,67
Sri Lanka,2001,36
Sri Lanka,2002,3
Sri Lanka,2003,9
Sri Lanka,2004,33
Sri Lanka,2005,133
Sri Lanka,2006,216
Sri Lanka,2007,132
Sri Lanka,2008,100
Sri Lanka,2009,37
Sri Lanka,2010,3
Sri Lanka,2012,4
Sri Lanka,2013,14
Sri Lanka,2014,16
Sri Lanka,2015,11
Sri Lanka,2016,1
Sri Lanka,2017,41
Sri Lanka,2018,7
Sri Lanka,2019,15
St. Kitts and Nevis,1995,2
St. Lucia,2000,1
Sudan,1973,1
Sudan,1981,1
Sudan,1982,3
Sudan,1983,3
Sudan,1984,5
Sudan,1986,6
Sudan,1987,1
Sudan,1988,10
Sudan,1989,8
Sudan,1990,1
Sudan,1991,3
Sudan,1992,7
Sudan,1994,5
Sudan,1995,4
Sudan,1996,10
Sudan,1997,3
Sudan,1999,5
Sudan,2000,7
Sudan,2001,9
Sudan,2002,13
Sudan,2004,5
Sudan,2005,6
Sudan,2006,24
Sudan,2007,23
Sudan,2008,32
Sudan,2009,26
Sudan,2010,28
Sudan,2011,38
Sudan,2012,40
Sudan,2013,46
Sudan,2014,157
Sudan,2015,158
Sudan,2016,173
Sudan,2017,106
Sudan,2018,42
Sudan,2019,26
Suriname,1982,1
Suriname,1983,1
Suriname,1984,1
Suriname,1986,8
Suriname,1987,13
Suriname,1988,9
Suriname,1989,17
Suriname,1990,7
Suriname,1991,1
Suriname,1992,5
Suriname,1994,1
Suriname,1997,2
Swaziland,1982,1
Swaziland,1984,1
Swaziland,1986,1
Swaziland,1987,1
Swaziland,1989,1
Swaziland,1991,1
Swaziland,1992,1
Swaziland,1995,1
Swaziland,1997,1
Swaziland,1998,1
Swaziland,1999,1
Swaziland,2003,1
Swaziland,2006,1
Swaziland,2008,3
Sweden,1971,2
Sweden,1972,3
Sweden,1975,1
Sweden,1978,1
Sweden,1979,1
Sweden,1983,1
Sweden,1986,3
Sweden,1989,3
Sweden,1990,6
Sweden,1991,6
Sweden,1992,12
Sweden,1994,1
Sweden,1995,1
Sweden,1996,1
Sweden,1997,4
Sweden,1999,2
Sweden,2000,1
Sweden,2005,3
Sweden,2006,1
Sweden,2008,1
Sweden,2009,1
Sweden,2010,3
Sweden,2011,1
Sweden,2012,2
Sweden,2014,5
Sweden,2015,35
Sweden,2016,16
Sweden,2017,18
Sweden,2018,6
Sweden,2019,2
Switzerland,1970,3
Switzerland,1971,1
Switzerland,1972,3
Switzerland,1973,2
Switzerland,1974,3
Switzerland,1975,3
Switzerland,1976,4
Switzerland,1977,4
Switzerland,1978,3
Switzerland,1979,6
Switzerland,1980,7
Switzerland,1981,13
Switzerland,1982,6
Switzerland,1983,3
Switzerland,1984,1
Switzerland,1985,7
Switzerland,1987,1
Switzerland,1988,4
Switzerland,1990,1
Switzerland,1991,2
Switzerland,1992,6
Switzerland,1995,5
Switzerland,1996,4
Switzerland,1997,1
Switzerland,1998,1
Switzerland,1999,2
Switzerland,2000,4
Switzerland,2001,2
Switzerland,2003,1
Switzerland,2007,2
Switzerland,2011,3
Switzerland,2013,2
Switzerland,2016,2
Switzerland,2018,1
Switzerland,2019,1
Syria,1974,4
Syria,1975,2
Syria,1976,2
Syria,1977,3
Syria,1978,1
Syria,1979,28
Syria,1980,33
Syria,1981,41
Syria,1982,20
Syria,1983,1
Syria,1984,1
Syria,1985,1
Syria,1986,4
Syria,1989,1
Syria,1996,2
Syria,1997,1
Syria,1998,1
Syria,2004,1
Syria,2006,1
Syria,2008,1
Syria,2011,49
Syria,2012,180
Syria,2013,286
Syria,2014,333
Syria,2015,491
Syria,2016,474
Syria,2017,250
Syria,2018,233
Syria,2019,292
Taiwan,1971,1
Taiwan,1976,1
Taiwan,1990,1
Taiwan,1991,2
Taiwan,1992,20
Taiwan,1994,5
Taiwan,1995,4
Taiwan,1996,5
Taiwan,1997,1
Taiwan,2001,2
Taiwan,2004,2
Taiwan,2008,1
Taiwan,2013,2
Taiwan,2014,1
Taiwan,2016,1
Taiwan,2017,1
Taiwan,2018,3
Taiwan,2019,1
Tajikistan,1992,17
Tajikistan,1994,31
Tajikistan,1995,34
Tajikistan,1996,22
Tajikistan,1997,40
Tajikistan,1998,11
Tajikistan,1999,4
Tajikistan,2000,6
Tajikistan,2001,6
Tajikistan,2005,1
Tajikistan,2007,1
Tajikistan,2009,1
Tajikistan,2010,1
Tajikistan,2012,5
Tajikistan,2014,1
Tajikistan,2015,3
Tajikistan,2016,2
Tajikistan,2017,2
Tajikistan,2018,3
Tajikistan,2019,2
Tanzania,1975,1
Tanzania,1979,1
Tanzania,1982,1
Tanzania,1994,1
Tanzania,1995,1
Tanzania,1997,1
Tanzania,1998,1
Tanzania,2000,2
Tanzania,2001,4
Tanzania,2002,2
Tanzania,2004,1
Tanzania,2008,1
Tanzania,2010,1
Tanzania,2013,7
Tanzania,2014,11
Tanzania,2015,14
Tanzania,2016,3
Tanzania,2017,6
Tanzania,2018,3
Tanzania,2019,1
Thailand,1972,1
Thailand,1974,1
Thailand,1977,3
Thailand,1978,5
Thailand,1979,16
Thailand,1980,26
Thailand,1981,18
Thailand,1982,3
Thailand,1983,1
Thailand,1984,1
Thailand,1985,1
Thailand,1986,3
Thailand,1988,5
Thailand,1989,16
Thailand,1990,10
Thailand,1991,8
Thailand,1992,25
Thailand,1994,24
Thailand,1995,12
Thailand,1996,19
Thailand,1997,20
Thailand,1998,4
Thailand,1999,4
Thailand,2000,4
Thailand,2001,14
Thailand,2002,12
Thailand,2003,6
Thailand,2004,44
Thailand,2005,155
Thailand,2006,202
Thailand,2007,293
Thailand,2008,200
Thailand,2009,298
Thailand,2010,253
Thailand,2011,182
Thailand,2012,280
Thailand,2013,472
Thailand,2014,423
Thailand,2015,278
Thailand,2016,329
Thailand,2017,179
Thailand,2018,182
Thailand,2019,130
Togo,1985,3
Togo,1991,2
Togo,1992,27
Togo,1994,13
Togo,1995,1
Togo,1996,1
Togo,2005,1
Trinidad and Tobago,1976,1
Trinidad and Tobago,1979,1
Trinidad and Tobago,1981,1
Trinidad and Tobago,1983,1
Trinidad and Tobago,1989,1
Trinidad and Tobago,1991,1
Trinidad and Tobago,1992,1
Trinidad and Tobago,1994,1
Trinidad and Tobago,1995,4
Trinidad and Tobago,1996,3
Trinidad and Tobago,2005,2
Trinidad and Tobago,2010,1
Trinidad and Tobago,2013,3
Trinidad and Tobago,2015,1
Trinidad and Tobago,2018,1
Trinidad and Tobago,2019,1
Tunisia,1979,1
Tunisia,1980,1
Tunisia,1986,2
Tunisia,1987,4
Tunisia,1991,2
Tunisia,1994,1
Tunisia,1995,1
Tunisia,2000,1
Tunisia,2001,1
Tunisia,2002,1
Tunisia,2007,1
Tunisia,2008,1
Tunisia,2011,3
Tunisia,2012,3
Tunisia,2013,29
Tunisia,2014,23
Tunisia,2015,19
Tunisia,2016,12
Tunisia,2017,4
Tunisia,2018,19
Tunisia,2019,16
Turkey,1970,12
Turkey,1971,35
Turkey,1972,9
Turkey,1974,1
Turkey,1975,10
Turkey,1976,35
Turkey,1977,189
Turkey,1978,52
Turkey,1979,141
Turkey,1980,95
Turkey,1981,8
Turkey,1982,5
Turkey,1983,5
Turkey,1984,19
Turkey,1985,2
Turkey,1986,7
Turkey,1987,43
Turkey,1988,42
Turkey,1989,114
Turkey,1990,195
Turkey,1991,293
Turkey,1992,514
Turkey,1994,300
Turkey,1995,133
Turkey,1996,54
Turkey,1997,44
Turkey,1998,23
Turkey,1999,109
Turkey,2000,35
Turkey,2001,19
Turkey,2002,5
Turkey,2003,19
Turkey,2004,27
Turkey,2005,41
Turkey,2006,43
Turkey,2007,30
Turkey,2008,32
Turkey,2009,13
Turkey,2010,20
Turkey,2011,51
Turkey,2012,189
Turkey,2013,42
Turkey,2014,95
Turkey,2015,425
Turkey,2016,544
Turkey,2017,181
Turkey,2018,94
Turkey,2019,70
Turkmenistan,2002,1
Turkmenistan,2014,1
Uganda,1979,8
Uganda,1981,25
Uganda,1982,1
Uganda,1983,6
Uganda,1984,3
Uganda,1985,7
Uganda,1986,1
Uganda,1987,1
Uganda,1988,15
Uganda,1989,15
Uganda,1990,14
Uganda,1991,2
Uganda,1992,3
Uganda,1994,13
Uganda,1995,7
Uganda,1996,29
Uganda,1997,24
Uganda,1998,18
Uganda,1999,19
Uganda,2000,20
Uganda,2001,24
Uganda,2002,24
Uganda,2003,30
Uganda,2004,10
Uganda,2005,11
Uganda,2007,1
Uganda,2008,7
Uganda,2009,2
Uganda,2010,6
Uganda,2012,4
Uganda,2014,6
Uganda,2015,10
Uganda,2016,15
Uganda,2017,13
Uganda,2018,10
Uganda,2019,4
Ukraine,1991,2
Ukraine,1992,1
Ukraine,1994,10
Ukraine,1995,2
Ukraine,1996,3
Ukraine,1997,2
Ukraine,1999,6
Ukraine,2000,1
Ukraine,2002,3
Ukraine,2003,1
Ukraine,2007,1
Ukraine,2008,1
Ukraine,2009,2
Ukraine,2010,4
Ukraine,2011,3
Ukraine,2012,8
Ukraine,2013,5
Ukraine,2014,896
Ukraine,2015,638
Ukraine,2016,62
Ukraine,2017,62
Ukraine,2018,36
Ukraine,2019,31
United Arab Emirates,1974,1
United Arab Emirates,1977,1
United Arab Emirates,1978,1
United Arab Emirates,1979,2
United Arab Emirates,1980,1
United Arab Emirates,1981,3
United Arab Emirates,1983,1
United Arab Emirates,1985,2
United Arab Emirates,1986,1
United Arab Emirates,1989,1
United Arab Emirates,1992,1
United Arab Emirates,1995,2
United Arab Emirates,2010,2
United Arab Emirates,2013,1
United Arab Emirates,2014,2
United Kingdom,1970,12
United Kingdom,1971,81
United Kingdom,1972,292
United Kingdom,1973,189
United Kingdom,1974,203
United Kingdom,1975,194
United Kingdom,1976,194
United Kingdom,1977,140
United Kingdom,1978,100
United Kingdom,1979,239
United Kingdom,1980,134
United Kingdom,1981,142
United Kingdom,1982,95
United Kingdom,1983,177
United Kingdom,1984,145
United Kingdom,1985,67
United Kingdom,1986,95
United Kingdom,1987,117
United Kingdom,1988,180
United Kingdom,1989,163
United Kingdom,1990,147
United Kingdom,1991,262
United Kingdom,1992,274
United Kingdom,1994,256
United Kingdom,1995,22
United Kingdom,1996,36
United Kingdom,1997,78
United Kingdom,1998,63
United Kingdom,1999,76
United Kingdom,2000,61
United Kingdom,2001,94
United Kingdom,2002,21
United Kingdom,2003,23
United Kingdom,2004,5
United Kingdom,2005,29
United Kingdom,2006,6
United Kingdom,2007,24
United Kingdom,2008,39
United Kingdom,2009,23
United Kingdom,2010,57
United Kingdom,2011,47
United Kingdom,2012,54
United Kingdom,2013,136
United Kingdom,2014,104
United Kingdom,2015,114
United Kingdom,2016,104
United Kingdom,2017,123
United Kingdom,2018,101
United Kingdom,2019,86
United States,1970,468
United States,1971,247
United States,1972,68
United States,1973,58
United States,1974,94
United States,1975,149
United States,1976,105
United States,1977,130
United States,1978,87
United States,1979,69
United States,1980,67
United States,1981,74
United States,1982,77
United States,1983,44
United States,1984,63
United States,1985,40
United States,1986,49
United States,1987,34
United States,1988,27
United States,1989,42
United States,1990,32
United States,1991,30
United States,1992,32
United States,1994,55
United States,1995,60
United States,1996,35
United States,1997,42
United States,1998,31
United States,1999,54
United States,2000,42
United States,2001,47
United States,2002,33
United States,2003,33
United States,2004,9
United States,2005,21
United States,2006,6
United States,2007,8
United States,2008,18
United States,2009,12
United States,2010,17
United States,2011,10
United States,2012,20
United States,2013,20
United States,2014,29
United States,2015,39
United States,2016,68
United States,2017,66
United States,2018,75
United States,2019,68
Uruguay,1970,33
Uruguay,1971,8
Uruguay,1972,7
Uruguay,1984,4
Uruguay,1985,2
Uruguay,1986,2
Uruguay,1989,1
Uruguay,1990,1
Uruguay,1991,3
Uruguay,1992,11
Uruguay,1994,4
Uruguay,1995,1
Uruguay,1996,1
Uruguay,1997,2
Uruguay,2005,1
Uruguay,2016,1
Uzbekistan,1992,2
Uzbekistan,1995,1
Uzbekistan,1999,8
Uzbekistan,2004,5
Uzbekistan,2005,2
Uzbekistan,2009,2
Uzbekistan,2015,1
Vanuatu,1996,2
Vatican City,1981,1
Venezuela,1970,2
Venezuela,1971,4
Venezuela,1972,1
Venezuela,1973,4
Venezuela,1974,3
Venezuela,1975,5
Venezuela,1976,4
Venezuela,1977,3
Venezuela,1978,7
Venezuela,1979,4
Venezuela,1980,8
Venezuela,1981,7
Venezuela,1982,2
Venezuela,1983,6
Venezuela,1984,4
Venezuela,1985,2
Venezuela,1986,8
Venezuela,1987,13
Venezuela,1988,10
Venezuela,1989,8
Venezuela,1990,1
Venezuela,1991,17
Venezuela,1992,32
Venezuela,1994,12
Venezuela,1995,11
Venezuela,1996,12
Venezuela,1997,41
Venezuela,1998,1
Venezuela,1999,5
Venezuela,2001,5
Venezuela,2002,5
Venezuela,2003,8
Venezuela,2007,2
Venezuela,2008,1
Venezuela,2009,3
Venezuela,2012,1
Venezuela,2013,1
Venezuela,2014,4
Venezuela,2015,3
Venezuela,2016,6
Venezuela,2017,17
Venezuela,2018,11
Venezuela,2019,9
Vietnam,1992,1
Vietnam,1994,1
Vietnam,1995,1
Vietnam,1996,1
Vietnam,1997,2
Vietnam,2001,4
Vietnam,2017,2
Vietnam,2018,1
Wallis and Futuna,1994,1
West Bank and Gaza Strip,1972,1
West Bank and Gaza Strip,1976,1
West Bank and Gaza Strip,1978,4
West Bank and Gaza Strip,1979,23
West Bank and Gaza Strip,1980,58
West Bank and Gaza Strip,1981,21
West Bank and Gaza Strip,1982,56
West Bank and Gaza Strip,1983,39
West Bank and Gaza Strip,1984,31
West Bank and Gaza Strip,1985,3
West Bank and Gaza Strip,1986,14
West Bank and Gaza Strip,1987,14
West Bank and Gaza Strip,1988,21
West Bank and Gaza Strip,1989,113
West Bank and Gaza Strip,1990,105
West Bank and Gaza Strip,1991,94
West Bank and Gaza Strip,1992,139
West Bank and Gaza Strip,1994,179
West Bank and Gaza Strip,1995,68
West Bank and Gaza Strip,1996,31
West Bank and Gaza Strip,1997,23
West Bank and Gaza Strip,1998,14
West Bank and Gaza Strip,1999,11
West Bank and Gaza Strip,2000,30
West Bank and Gaza Strip,2001,131
West Bank and Gaza Strip,2002,88
West Bank and Gaza Strip,2003,49
West Bank and Gaza Strip,2004,35
West Bank and Gaza Strip,2005,53
West Bank and Gaza Strip,2006,37
West Bank and Gaza Strip,2007,92
West Bank and Gaza Strip,2008,68
West Bank and Gaza Strip,2009,10
West Bank and Gaza Strip,2010,11
West Bank and Gaza Strip,2011,20
West Bank and Gaza Strip,2012,23
West Bank and Gaza Strip,2013,64
West Bank and Gaza Strip,2014,133
West Bank and Gaza Strip,2015,245
West Bank and Gaza Strip,2016,157
West Bank and Gaza Strip,2017,84
West Bank and Gaza Strip,2018,118
West Bank and Gaza Strip,2019,97
West Germany (FRG),1970,20
West Germany (FRG),1971,13
West Germany (FRG),1972,24
West Germany (FRG),1973,27
West Germany (FRG),1974,28
West Germany (FRG),1975,35
West Germany (FRG),1976,50
West Germany (FRG),1977,40
West Germany (FRG),1978,19
West Germany (FRG),1979,17
West Germany (FRG),1980,20
West Germany (FRG),1981,31
West Germany (FRG),1982,29
West Germany (FRG),1983,5
West Germany (FRG),1984,21
West Germany (FRG),1985,53
West Germany (FRG),1986,46
West Germany (FRG),1987,19
West Germany (FRG),1988,14
West Germany (FRG),1989,21
West Germany (FRG),1990,9
Western Sahara,1978,1
Western Sahara,1984,1
Western Sahara,1986,1
Western Sahara,1992,1
Western Sahara,2007,1
Western Sahara,2018,2
Yemen,1991,5
Yemen,1992,24
Yemen,1994,19
Yemen,1995,8
Yemen,1996,8
Yemen,1997,19
Yemen,1998,7
Yemen,1999,17
Yemen,2000,10
Yemen,2001,7
Yemen,2002,7
Yemen,2003,7
Yemen,2005,7
Yemen,2006,5
Yemen,2007,7
Yemen,2008,22
Yemen,2009,23
Yemen,2010,112
Yemen,2011,118
Yemen,2012,312
Yemen,2013,434
Yemen,2014,814
Yemen,2015,818
Yemen,2016,917
Yemen,2017,530
Yemen,2018,497
Yemen,2019,772
Yugoslavia,1973,1
Yugoslavia,1974,1
Yugoslavia,1977,1
Yugoslavia,1980,1
Yugoslavia,1981,2
Yugoslavia,1983,1
Yugoslavia,1984,1
Yugoslavia,1989,3
Yugoslavia,1990,5
Yugoslavia,1991,11
Yugoslavia,1992,12
Yugoslavia,1994,1
Yugoslavia,1995,3
Yugoslavia,1996,16
Yugoslavia,1997,38
Yugoslavia,1998,46
Yugoslavia,1999,23
Yugoslavia,2000,14
Yugoslavia,2001,20
Yugoslavia,2002,3
Zaire,1972,3
Zaire,1973,1
Zaire,1977,1
Zaire,1984,3
Zaire,1988,1
Zaire,1991,6
Zaire,1992,5
Zaire,1994,6
Zaire,1995,6
Zaire,1996,13
Zaire,1997,5
Zambia,1971,1
Zambia,1973,1
Zambia,1975,1
Zambia,1977,1
Zambia,1978,3
Zambia,1979,1
Zambia,1981,1
Zambia,1985,1
Zambia,1986,1
Zambia,1987,1
Zambia,1988,5
Zambia,1989,18
Zambia,1990,4
Zambia,1995,1
Zambia,1996,4
Zambia,1999,7
Zambia,2000,8
Zambia,2002,1
Zambia,2017,2
Zimbabwe,1980,14
Zimbabwe,1981,9
Zimbabwe,1982,12
Zimbabwe,1983,6
Zimbabwe,1984,3
Zimbabwe,1985,1
Zimbabwe,1986,1
Zimbabwe,1987,11
Zimbabwe,1988,1
Zimbabwe,1989,3
Zimbabwe,1990,6
Zimbabwe,1991,1
Zimbabwe,1992,1
Zimbabwe,1994,1
Zimbabwe,1995,2
Zimbabwe,2000,1
Zimbabwe,2001,3
Zimbabwe,2002,8
Zimbabwe,2003,1
Zimbabwe,2006,1
Zimbabwe,2007,1
Zimbabwe,2008,5
Zimbabwe,2010,1
Zimbabwe,2011,1
Zimbabwe,2013,3
Zimbabwe,2014,1
Zimbabwe,2017,3
Zimbabwe,2018,2
Zimbabwe,2019,2
